{
  "runs": 52,
  "total_cost_usd": 229992.85,
  "total_value_usd": 31320404.321081012,
  "net_value_usd": 31090411.47108101,
  "avg_roi": 146.6799490303038,
  "total_llm_cost_usd": 0.003731600000000001,
  "total_llm_tokens": 86137.0,
  "avg_llm_cost_usd_per_run": 7.176153846153848e-05,
  "updated_at_utc": "2026-02-22T10:36:06Z"
}
