{
  "runs": 5,
  "total_cost_usd": 64331.16,
  "total_value_usd": 3708198.1152816606,
  "net_value_usd": 3643866.9552816604,
  "avg_roi": 69.66559155924239,
  "updated_at_utc": "2026-02-22T04:08:56Z"
}
